Approver	Requestor	Date	Amount	Transaction ID	Department	Approval Type
A019	A001	21-07-2025	141541	T0000	Corporate	Account Modification
A001	A007	09-06-2025	505103	T0001	IT	Account Modification
A007	A011	05-07-2025	704340	T0002	HR	Loan Approval
A011	A006	27-06-2025	303955	T0003	Corporate	Loan Approval
A015	A018	06-07-2025	630132	T0004	Retail	Account Modification
A018	A008	31-07-2025	774782	T0005	Corporate	Access Control
A008	A011	26-07-2025	647826	T0006	HR	Access Control
A011	A013	24-06-2025	547339	T0007	IT	Access Control
A001	A005	20-06-2025	465641	T0008	HR	Fund Transfer
A005	A019	02-06-2025	816867	T0009	HR	Loan Approval
A019	A016	03-07-2025	275161	T0010	IT	Account Modification
A016	A006	25-07-2025	307388	T0011	Retail	Loan Approval
A006	A010	26-07-2025	363347	T0012	Corporate	Account Modification
A005	A019	20-06-2025	70435	T0013	HR	Access Control
A019	A008	29-06-2025	882213	T0014	Corporate	Account Modification
A008	A014	01-07-2025	599022	T0015	Corporate	Loan Approval
A003	A008	04-06-2025	81906	T0016	Finance	Account Modification
A008	A005	24-06-2025	670364	T0017	Corporate	Access Control
A019	A010	20-07-2025	756169	T0018	Retail	Access Control
A010	A008	27-07-2025	469267	T0019	Retail	Account Modification
A001	A020	17-06-2025	852671	T0020	HR	Account Modification
A020	A003	23-07-2025	482548	T0021	Finance	Fund Transfer
A003	A013	27-06-2025	885615	T0022	IT	Account Modification
A008	A017	29-06-2025	832674	T0023	Corporate	Fund Transfer
A017	A009	30-06-2025	133428	T0024	Finance	Account Modification
A009	A007	06-07-2025	432817	T0025	IT	Fund Transfer
A017	A020	08-06-2025	223396	T0026	Finance	Account Modification
A020	A019	02-07-2025	575423	T0027	IT	Access Control
A019	A008	21-06-2025	482410	T0028	Corporate	Loan Approval
A002	A006	10-06-2025	454387	T0029	IT	Access Control
A006	A004	20-07-2025	486783	T0030	Retail	Loan Approval
A004	A016	07-06-2025	46011	T0031	Finance	Access Control
A016	A007	15-06-2025	478397	T0032	Retail	Account Modification
A007	A020	11-06-2025	769423	T0033	Retail	Account Modification
